loss,cer
1.2740482291294908,2.5752508361204014
